id	tipo	titulo	ruta	paginas	ciclo	estado	archivo_original
T01	catedra-teoria	Introducción a las bases de datos	material/catedra/teoria/t01-introduccion-bases-de-datos.pdf	14	2026	vigente	BD2_Clase 01 - Introducción_BasesDeDatos.pdf
T02	catedra-teoria	Modelo de entidades y relaciones	material/catedra/teoria/t02-modelo-entidad-relacion.pdf	36	2026	vigente	BD2_Clase 02 - Modelo Entidad-Relacion.pdf
T03	catedra-teoria	Derivación a esquema lógico	material/catedra/teoria/t03-derivacion-esquema-logico.pdf	24	2026	vigente	BD2_Clase 03 - Derivación a Esquema Lógico.pdf
T04	catedra-teoria	Alteración y actualización de tablas	material/catedra/teoria/t04-alteracion-actualizacion-tablas.pdf	9	2026	vigente	BD2_Clase 04 - AlteraciónActualizaciónTablas.pdf
T05A	catedra-teoria	Consultas de datos — parte 1	material/catedra/teoria/t05a-consultas-datos-parte-1.pdf	36	2026	vigente	BD2_Clase 05 - Consultas de Datos–Parte 1.pdf
T05B	catedra-teoria	Consultas de datos — parte 2	material/catedra/teoria/t05b-consultas-datos-parte-2.pdf	36	2026	vigente	BD2_Clase 05 - Consultas de Datos–Parte 2.pdf
T05C	catedra-teoria	Consultas de datos — parte 3	material/catedra/teoria/t05c-consultas-datos-parte-3.pdf	16	2026	vigente	BD2_Clase 05 - Consultas de Datos–Parte 3.pdf
T06	catedra-teoria	Vistas — parte 1	material/catedra/teoria/t06-vistas-parte-1.pdf	18	2026	vigente	BD2_Clase 06 - Vistas-Parte 1.pdf
T07	catedra-teoria	Vistas — parte 2	material/catedra/teoria/t07-vistas-parte-2.pdf	22	2026	vigente	BD2_Clase 07 - Vistas-Parte 2(1).pdf
T08	catedra-teoria	Explicación del plan de ejecución	material/catedra/teoria/t08-explicacion-plan-ejecucion.pdf	22	2026	vigente	BD2_Clase 08 - Explicando el plan(1).pdf
C01	catedra-clase	Clase I — persistencia políglota, Docker y MySQL	material/catedra/teoria/c01-persistencia-poliglota-docker.pdf	18	2026	vigente	BDD II - Clase I.pdf
P01	catedra-practica	TP 1 — modelos y diagramas	material/catedra/practica/tp-01-modelos-diagramas.pdf	2	2026	vigente	ITBA TP 1 Modelos_Diagramas.pdf
P02	catedra-practica	TP 2 — creación de esquemas	material/catedra/practica/tp-02-creates.pdf	2	2026	vigente	ITBA TP 2 Creates.pdf
P03	catedra-practica	TP 3 — consultas SQL simples	material/catedra/practica/tp-03-sql-simples.pdf	3	2026	vigente	ITBA TP 3 SQL simples.pdf
P04	catedra-practica	TP 4 — vistas	material/catedra/practica/tp-04-vistas.pdf	3	2026	vigente	ITBA TP 4 Vistas.pdf
SQL01	catedra-recurso	Esquema y datos de películas	material/catedra/practica/recursos/esq_peliculas.sql	-	2026	vigente	esq_peliculas.sql
T09	catedra-teoria	Restricciones de integridad — parte 1	material/catedra/teoria/t09-restricciones-integridad-parte-1.pdf	39	2026	vigente	BD2_Clase 09 - Restricciones integridad-Parte 1.pdf
T10	catedra-teoria	SQL procedural: triggers y stored procedures	material/catedra/teoria/t10-sql-procedural.pdf	20	2026	vigente	BD2_Clase 10 - Restricciones integridad-Parte 2.pdf
T11	catedra-teoria	Seguridad y transacciones	material/catedra/teoria/t11-seguridad-transacciones.pdf	38	2026	vigente	BD2_Clase 11 - Seguridad-Transacciones.pdf
T12	catedra-teoria	Recovery en bases de datos relacionales: WAL en PostgreSQL y MySQL	material/catedra/teoria/t12-recovery-wal-postgresql-mysql.pdf	14	2026	vigente	Recovery_WAL_PostgreSQL_MySQL.pptx.pdf
P05	catedra-practica	TP 5 — planes de ejecución	material/catedra/practica/tp-05-planes-ejecucion.pdf	3	2026	vigente	ITBA TP 5 Explain Plan.pdf
P05A	catedra-recurso	Datos de materias para el TP 5	material/catedra/practica/recursos/tp-05-materia.csv	-	2026	vigente	materia.csv
P05B	catedra-recurso	Datos de inscriptos para el TP 5	material/catedra/practica/recursos/tp-05-inscripto.csv	-	2026	vigente	inscripto.csv
P06	catedra-practica	TP 6 — restricciones declarativas	material/catedra/practica/tp-06-restricciones-declarativas.pdf	5	2026	vigente	ITBA TP 6 Restricciones Declarativas.pdf
P06A	catedra-recurso	Ejercicio de restricciones sobre cuentas bancarias	material/catedra/practica/recursos/p06-ejercicio-rir-cuentas.png	-	2026	vigente	Ejercicio 1 - RIR.png
P06B	catedra-recurso	Ejercicio de restricción global sobre asignaciones	material/catedra/practica/recursos/p06-ejercicio-rir-asignaciones.png	-	2026	vigente	Ejercicio 2 - RIR.png
P07	catedra-practica	TP 7 — restricciones avanzadas	material/catedra/practica/tp-07-restricciones-avanzadas.pdf	2	2026	vigente	ITBA TP 7 Restricciones Avanzadas.pdf
P08	catedra-practica	TP 8 — seguridad	material/catedra/practica/tp-08-seguridad.pdf	3	2026	vigente	ITBA TP 8 Seguridad.pdf
P08A	catedra-recurso	Ejemplo de grafo de permisos	material/catedra/practica/recursos/p08-ejemplo-grafo-permisos.png	-	2026	vigente	ejemplo Seguridad BD.png
P09	catedra-practica	Ejercicio de stored procedures: registro de entregas	material/catedra/practica/p09-ejercicio-stored-procedure.pdf	3	2026	vigente	Ejercicio_Stored_Procedure_BDII.pdf
SQL02	catedra-recurso	Implementación MySQL del ejercicio de stored procedures	material/catedra/practica/recursos/p09-ejercicio-stored-procedure.sql	-	2026	vigente	ejercicio de SP.sql
SQL03	catedra-recurso	Adaptación de un cursor de PostgreSQL a MySQL	material/catedra/practica/recursos/t10-cursor-postgresql-adaptado-mysql.sql	-	2026	vigente	ejercicio de teoria de PosgreSQL hecho en MySQL.sql
T13	catedra-teoria	Introducción a NoSQL y MongoDB	material/catedra/teoria/t13-introduccion-nosql-mongodb.pdf	52	2026	vigente	BD2_Clase 12 - Introduccion a NoSQL.pdf
T14	catedra-teoria	MongoDB: diseño del modelo de datos, embebidos y referencias	material/catedra/teoria/t14-mongodb-modelado-embebidos-referencias.pdf	28	2026	vigente	BD2_Clase 13 - NoSQL-EmbebidosVSNormalizado(1).pdf
T15	catedra-teoria	MongoDB: funcionalidades, índices, agregación y distribución	material/catedra/teoria/t15-mongodb-features.pdf	45	2026	vigente	BD2_Clase 14 - MongoDB Features.pdf
C02	catedra-clase	Diferencia entre sharding y replicación en MongoDB	material/catedra/teoria/c02-mongodb-sharding-replicacion.pdf	2	2026	vigente	Diferencia_Sharding_Replication_MongoDB.pdf
C03	catedra-clase	Ejemplo de MapReduce en MongoDB	material/catedra/teoria/c03-mongodb-mapreduce.pdf	2	2026	vigente	Ejemplo_MapReduce_MongoDB.pdf
P10A	catedra-practica	TP 9 — MongoDB, parte I	material/catedra/practica/tp-09-mongodb-parte-1.pdf	7	2026	vigente	ITBA TP 9 - MongoDB Parte I.pdf
P10B	catedra-practica	TP 9 — MongoDB, parte II	material/catedra/practica/tp-09-mongodb-parte-2.pdf	2	2026	vigente	ITBA TP 9 - MongoDB Parte II.pdf
P10C	catedra-recurso	Datos de egresados para el TP 9	material/catedra/practica/recursos/tp-09-egresados.csv	-	2026	vigente	egresados.csv
P10D	catedra-recurso	Datos de ciudades para el TP 9 (JSON por línea)	material/catedra/practica/recursos/tp-09-mongo-cities.json	-	2026	vigente	mongoCities_fixed.json
P11	catedra-practica	Ejercicio MongoDB: agregaciones en e-commerce	material/catedra/practica/p11-mongodb-ecommerce.pdf	2	2026	vigente	Consigna MONGO DB.pdf
P11A	catedra-recurso	Solución de cátedra del ejercicio MongoDB e-commerce	material/catedra/practica/recursos/p11-solucion-mongodb-ecommerce.pdf	4	2026	vigente	Consigna MONGO DB (solucion).pdf
T16	catedra-teoria	Introducción a Cassandra	material/catedra/teoria/t16-introduccion-cassandra.pdf	74	2026	vigente	BD2_Clase 15 - Introduccion a Cassandra.pdf
C04	catedra-clase	Bloom filters en Cassandra	material/catedra/teoria/c04-cassandra-bloom-filters.pdf	8	2026	vigente	Slides_Bloom_Filters_Cassandra.pdf
C05	catedra-recurso	Mecanismo de obtención de resultados DIGEST en Cassandra	material/catedra/teoria/recursos/c05-cassandra-digest.png	-	2026	vigente	mecanismo de obtencion de resultados DIGEST (cassandra).png
P12	catedra-practica	TP 10 — Cassandra, parte I	material/catedra/practica/tp-10-cassandra-parte-1.pdf	3	2026	vigente	ITBA TP 10 - Cassandra Parte I.pdf
